<?xml version="1.0" encoding="UTF-8"?>
<project-private xmlns="http://www.netbeans.org/ns/project-private/1">
    <editor-bookmarks xmlns="http://www.netbeans.org/ns/editor-bookmarks/2" lastBookmarkId="0"/>
    <open-files xmlns="http://www.netbeans.org/ns/projectui-open-files/2">
        <group>
            <file>file:/C:/Users/VPARI_BackUp/OneDrive/Documents/NetBeansProjects/EmployeeProject/EmployeeProject/src/employee/version1/PieceWorkerEmployee.java</file>
            <file>file:/C:/Users/VPARI_BackUp/OneDrive/Documents/NetBeansProjects/EmployeeProject/EmployeeProject/src/employee/version1/BasePlusCommissionEmployee.java</file>
            <file>file:/C:/Users/VPARI_BackUp/OneDrive/Documents/NetBeansProjects/EmployeeProject/EmployeeProject/src/employee/version1/HourlyEmployee.java</file>
            <file>file:/C:/Users/VPARI_BackUp/OneDrive/Documents/NetBeansProjects/EmployeeProject/EmployeeProject/src/employee/version1/MyDate.java</file>
            <file>file:/C:/Users/VPARI_BackUp/OneDrive/Documents/NetBeansProjects/EmployeeProject/EmployeeProject/src/employee/version1/CommissionEmployee.java</file>
            <file>file:/C:/Users/VPARI_BackUp/OneDrive/Documents/NetBeansProjects/EmployeeProject/EmployeeProject/src/employee/version1/EmployeeVersion1.java</file>
        </group>
    </open-files>
</project-private>
